timestamp,temp_c,humidity_pct,soil_pct,air_quality_index,source
2026-09-07T11:23:05,31.1,54,16,0,auto
2026-09-07T11:23:36,31.6,54,14,0,auto
2026-09-07T11:24:07,31.2,54,13,1,auto
2026-09-07T11:24:40,31.9,54,7,5,auto
2026-09-07T11:25:12,31,54,13,1,auto
2026-09-07T11:25:46,31.7,54,11,1,auto
2026-09-07T11:26:15,31.1,54,13,0,manual
2026-09-07T11:26:16,31.9,54,13,0,manual
2026-09-07T11:26:17,31.9,54,13,0,manual
2026-09-07T11:26:49,31.9,54,15,1,auto
2026-09-07T11:27:21,31.4,53,12,1,auto
2026-09-07T11:28:00,31.6,53,12,1,auto
2026-09-07T11:28:34,31.7,53,12,1,auto
2026-09-07T11:29:11,31.3,53,15,0,auto
2026-09-07T11:53:54,31.8,53,15,1,auto
2026-09-07T11:54:25,31.3,53,14,2,auto
2026-09-07T11:54:56,31.3,53,14,2,auto
2026-09-07T11:55:08,31.5,53,16,1,manual
2026-09-07T11:55:10,31.4,53,13,1,manual
2026-09-07T11:55:42,31.1,53,16,1,auto
2026-09-07T11:56:12,31.2,53,11,0,auto
2026-09-07T11:56:46,31.7,53,15,1,auto
2026-09-07T11:57:19,31.9,53,12,2,auto
2026-09-07T12:22:55,32.7,53,14,1,auto
2026-09-07T12:23:25,32.3,52,14,2,auto
2026-09-07T12:23:56,32.7,53,14,2,auto
2026-09-07T12:24:26,32.8,52,14,0,auto
2026-09-07T12:24:56,32.7,53,17,1,auto
2026-09-07T12:25:26,32.8,52,17,1,auto
2026-09-07T12:25:56,32.8,52,15,1,auto
2026-09-07T12:26:12,32.9,52,15,1,manual
2026-09-07T12:26:43,32.4,52,17,1,auto
2026-09-07T12:27:13,32.5,53,18,1,auto
2026-09-07T12:27:44,32.8,53,17,5,auto
2026-09-07T12:28:14,33.3,52,16,3,auto
2026-09-07T12:28:44,33.6,52,13,3,auto
2026-09-07T12:29:14,33.7,51,18,3,auto
2026-09-07T12:29:44,33.8,51,17,1,auto
2026-09-07T12:30:14,33.4,51,13,2,auto
2026-09-07T12:30:32,33.2,51,13,1,manual
2026-09-07T12:30:33,33.2,51,13,1,manual
2026-09-07T12:30:34,33.6,51,13,1,manual
2026-09-07T12:31:04,33.8,51,12,1,auto
2026-09-07T12:31:34,33.2,51,14,1,auto
2026-09-07T12:32:04,33.3,51,13,1,auto
2026-09-07T12:32:34,33.9,51,13,1,auto
2026-09-07T12:33:04,33.1,51,14,1,auto
2026-09-07T12:33:42,33.1,51,12,0,auto
2026-09-07T12:34:13,33.2,50,14,1,auto
2026-09-07T12:34:43,33.8,50,13,1,auto
2026-09-07T12:35:13,33.2,51,13,1,auto
2026-09-07T12:35:43,33.3,50,14,1,auto
2026-09-07T12:36:13,33.3,50,13,1,auto
2026-09-07T12:36:43,33.2,50,14,0,auto
2026-09-07T12:37:13,33.1,50,13,0,auto
2026-09-07T12:37:43,33.1,50,12,0,auto
2026-09-07T12:38:13,33,50,12,0,auto
2026-09-07T12:38:43,33.2,50,14,0,auto
2026-09-07T12:39:13,33.2,50,14,0,auto
2026-09-07T12:39:43,33.7,50,14,0,auto
2026-09-07T12:40:18,33.3,50,14,0,auto
2026-09-07T12:40:48,33.2,50,15,0,auto
2026-09-07T12:41:18,33.4,50,14,0,auto
2026-09-07T12:41:48,33.9,50,11,0,auto
2026-09-07T12:42:18,33.3,50,12,0,auto
2026-09-07T12:42:49,33.5,50,13,0,auto
2026-09-07T12:43:19,33.5,50,11,0,auto
2026-09-07T12:43:49,33.9,50,13,0,auto
2026-09-07T12:44:19,33.8,50,13,0,auto
2026-09-07T12:44:49,33.9,50,14,0,auto
2026-09-07T12:45:19,33.6,50,11,0,auto
2026-09-07T12:45:51,33,50,12,0,auto
2026-09-07T12:46:21,33.3,50,11,0,auto
2026-09-07T12:46:52,33.9,50,11,0,auto
2026-09-07T12:47:22,33.3,51,16,0,auto
2026-09-07T12:47:52,33.2,50,15,0,auto
2026-09-07T12:48:22,33.9,50,15,0,auto
2026-09-07T12:48:52,33.1,51,12,0,auto
2026-09-07T12:49:22,33.1,50,13,0,auto
2026-09-07T12:49:52,33.5,50,15,0,auto
2026-09-07T12:50:22,33.7,50,16,0,auto
2026-09-07T12:50:52,33,50,13,0,auto
2026-09-07T12:51:22,33,50,12,0,auto
2026-09-07T12:51:52,33,50,9,0,auto
2026-09-07T12:52:22,33.8,50,8,0,auto
2026-09-07T12:52:52,33.1,50,9,0,auto
2026-09-07T12:53:22,33.5,50,10,0,auto
2026-09-07T12:53:52,33.4,50,10,0,auto
2026-09-07T12:54:23,33.4,50,10,0,auto
2026-09-07T12:54:53,33.7,50,10,1,auto
2026-09-07T12:55:23,33.9,50,10,0,auto
2026-09-07T12:55:53,33.2,49,12,0,auto
2026-09-07T12:56:23,33.4,49,12,0,auto
2026-09-07T12:56:53,33.3,49,10,0,auto
2026-09-07T12:57:24,33.3,49,12,0,auto
2026-09-07T12:57:54,33.6,49,11,0,auto
2026-09-07T12:58:24,33.4,49,8,0,auto
2026-09-07T12:58:54,33.8,49,9,0,auto
2026-09-07T12:59:24,33.2,49,9,0,auto
2026-09-07T12:59:54,33,49,10,0,auto
2026-09-07T13:00:29,33.6,49,12,0,auto
2026-09-07T13:01:00,33.8,49,9,0,auto
2026-09-07T13:01:30,33.9,49,10,0,auto
2026-09-07T13:02:03,33.2,49,9,0,auto
2026-09-07T13:02:33,33.9,49,10,0,auto
2026-09-07T13:03:04,33,50,11,0,auto
2026-09-07T13:03:34,33.2,49,12,0,auto
2026-09-07T13:04:11,33.2,49,17,0,auto
2026-09-07T13:05:47,33.2,50,12,0,auto
2026-09-07T13:06:19,33.8,49,11,0,auto
2026-09-07T13:06:30,33.4,49,14,0,auto
2026-09-07T13:07:01,33.7,50,12,0,auto
2026-09-07T13:07:31,33.3,49,14,0,auto
2026-09-07T13:08:01,33.7,49,13,0,auto
2026-09-07T13:08:31,33.3,50,13,0,auto
2026-09-07T13:09:12,33,50,13,0,auto
2026-09-07T13:09:47,33.3,49,12,1,auto
2026-09-07T13:10:21,33.6,50,15,0,auto
2026-09-07T13:10:51,33.2,49,13,0,auto
2026-09-07T13:11:21,33.8,49,15,0,auto
2026-09-07T13:11:52,33,49,14,0,auto
2026-09-07T13:12:22,32.1,51,13,0,auto
2026-09-07T13:12:53,32.2,51,14,0,auto
2026-09-07T13:13:24,32.6,51,15,0,auto
2026-09-07T13:13:54,32.5,51,13,0,auto
2026-09-07T13:14:33,32.1,50,17,0,auto
2026-09-08T15:02:52,32.8,46,12,0,auto
2026-09-08T15:03:23,32,46,12,0,auto
2026-09-08T15:03:54,32.3,46,13,0,auto
2026-09-08T15:04:24,32.5,46,15,0,auto
2026-09-08T15:04:54,32.8,46,15,0,auto
2026-09-08T15:05:24,32.5,46,9,0,auto
2026-09-08T15:05:54,32.6,46,11,0,auto
2026-09-08T15:35:40,33.7,46,12,3,auto
2026-09-08T15:36:11,33.9,46,13,4,auto
2026-09-08T15:36:41,33.4,46,12,4,auto
2026-09-08T15:37:11,33.5,46,12,4,auto
2026-09-08T15:37:41,33.6,46,11,5,auto
2026-09-08T15:38:11,33.8,46,11,6,auto
2026-09-08T15:38:41,33.7,46,12,5,auto
2026-09-08T15:39:11,33.4,46,13,5,auto
2026-09-08T15:39:41,33.7,46,14,5,auto
2026-09-08T15:40:11,33.2,46,15,6,auto
2026-09-08T15:40:41,33.3,46,12,5,auto
2026-09-08T15:41:12,33.6,46,12,5,auto
2026-09-08T15:41:42,33.6,46,15,5,auto
2026-09-08T15:49:25,32,47,11,4,auto
2026-09-08T15:49:55,32.4,47,10,5,auto
2026-09-08T15:50:25,32.3,47,11,0,auto
2026-09-08T15:51:02,32.6,47,14,0,auto
2026-09-08T15:51:32,32.8,47,14,0,auto
2026-09-08T15:52:02,32.9,47,14,0,auto
2026-09-11T09:47:18,31.2,54.0,4,0,auto
2026-09-11T09:47:49,31.9,54.0,0,0,auto
2026-09-11T09:48:20,31.4,54.0,0,0,auto
2026-09-11T09:48:51,31.2,53.0,0,0,auto
2026-09-11T09:49:21,31.0,53.0,1,0,auto
2026-09-11T09:49:51,31.2,54.0,1,0,auto
2026-09-11T09:50:21,31.8,54.0,1,0,auto
2026-09-11T09:50:51,31.1,53.0,3,0,auto
2026-09-11T09:51:21,31.1,54.0,1,0,auto
2026-09-11T09:51:51,31.8,54.0,1,0,auto
2026-09-11T09:52:21,31.4,53.0,3,0,auto
2026-09-11T09:52:51,31.1,53.0,2,0,auto
2026-09-11T09:53:21,31.3,53.0,3,0,auto
2026-09-11T09:53:52,31.4,53.0,2,0,auto
2026-09-11T09:55:37,31.8,53.0,4,0,auto
2026-09-11T09:56:07,31.2,53.0,6,0,auto
2026-09-11T09:56:37,31.2,53.0,3,0,auto
2026-09-11T09:57:07,31.2,53.0,0,0,auto
2026-09-11T09:57:37,31.9,53.0,0,0,auto
2026-09-11T10:59:32,32.9,55.0,1,0,auto
2026-09-11T11:00:03,32.4,54.0,0,0,auto
2026-09-11T11:00:33,32.6,54.0,0,0,auto
2026-09-11T11:00:35,32.5,54.0,0,0,manual
2026-09-11T11:01:06,32.0,55.0,0,0,auto
2026-09-11T11:01:37,32.6,54.0,2,0,auto
2026-09-11T11:02:31,32.5,54.0,0,0,auto
2026-09-11T11:03:04,32.5,54.0,0,0,auto
2026-09-11T11:03:43,32.5,54.0,0,0,auto
2026-09-11T11:04:18,32.2,54.0,0,0,auto
2026-09-11T11:04:49,32.6,54.0,0,0,auto
2026-09-11T11:05:19,32.4,54.0,0,0,auto
2026-09-11T11:05:51,32.3,53.0,0,0,auto
2026-09-11T11:06:21,32.0,53.0,0,0,auto
2026-09-11T11:06:51,32.6,53.0,0,0,auto
2026-09-11T11:07:30,33.5,53.0,0,0,auto
2026-09-11T11:08:01,33.8,53.0,0,0,auto
2026-09-11T11:08:31,33.0,53.0,4,0,auto
2026-09-11T11:09:01,33.2,53.0,0,0,auto
2026-09-11T11:09:31,33.7,53.0,100,0,auto
2026-09-19T10:58:46,41.1,39.0,0,0,auto
2026-09-19T10:58:53,41.9,39.0,0,0,manual
2026-09-19T10:59:10,41.2,37.0,0,0,manual
2026-09-19T10:59:41,40.0,39.0,4,0,auto
2026-09-19T11:00:11,39.1,40.0,5,0,auto
2026-09-19T11:00:42,38.7,41.0,5,0,auto
2026-09-19T11:01:12,37.2,42.0,7,0,auto
2026-09-19T11:01:42,38.5,46.0,5,0,auto
2026-09-19T11:02:13,39.1,42.0,5,0,auto
2026-09-19T11:03:23,39.1,40.0,6,0,auto
2026-09-19T11:03:54,39.1,40.0,7,0,auto
2026-09-19T11:04:24,39.3,42.0,4,0,auto
2026-09-19T11:04:54,39.9,42.0,6,0,auto
2026-09-19T11:05:24,38.6,42.0,6,0,auto
2026-09-19T11:05:54,38.7,44.0,7,0,auto
2026-09-19T11:06:24,38.6,42.0,4,0,auto
2026-09-19T11:06:55,37.4,43.0,6,0,auto
2026-09-19T11:08:41,36.5,45.0,9,0,auto
2026-09-19T11:09:11,36.3,46.0,9,0,auto
2026-09-19T11:11:00,35.7,47.0,11,0,auto
2026-09-19T11:11:30,35.9,47.0,11,0,auto
2026-09-19T11:12:32,34.0,50.0,11,0,auto
2026-09-19T11:13:03,34.2,51.0,12,0,auto
2026-09-19T11:13:34,34.2,49.0,10,0,auto
2026-09-19T11:14:04,34.2,50.0,11,0,auto
2026-09-19T11:14:34,35.2,49.0,13,0,auto
2026-09-19T11:16:05,35.4,50.0,10,0,auto
2026-09-19T11:17:00,35.5,49.0,11,0,auto
2026-09-19T11:17:30,35.0,49.0,12,0,auto
2026-09-19T11:18:37,34.0,50.0,11,0,auto
2026-09-19T11:19:19,34.3,50.0,10,0,auto
2026-09-19T11:19:49,34.4,52.0,12,0,auto
2026-09-19T11:20:46,35.9,50.0,11,0,manual
2026-09-19T11:20:46,35.9,50.0,11,0,auto
2026-09-19T11:21:26,37.1,48.0,0,0,auto
2026-09-19T11:21:56,37.4,48.0,6,0,auto
2026-09-19T11:25:15,35.6,47.0,10,0,auto
2026-09-19T11:25:49,35.7,48.0,8,4,auto
2026-09-19T11:26:24,34.8,48.0,9,3,auto
2026-09-19T11:26:54,34.5,48.0,9,0,auto
2026-09-19T11:27:24,34.3,48.0,9,1,auto
